"model","term","estimate","p_value"
"Cox_Death_Adjusted_MI","age_group25-44","1.23 (1.06-1.43)","0.008"
"Cox_Death_Adjusted_MI","age_group45-64","1.86 (1.57-2.20)","<0.001"
"Cox_Death_Adjusted_MI","age_group≥65","2.72 (2.10-3.53)","<0.001"
"Cox_Death_Adjusted_MI","sexMale","0.96 (0.85-1.07)","0.433"
"Cox_Death_Adjusted_MI","race_cleanBlack or Mixed","1.06 (0.95-1.18)","0.313"
"Cox_Death_Adjusted_MI","race_cleanOther","1.25 (0.75-2.07)","0.386"
"Cox_Death_Adjusted_MI","edu_clean8 - 11 years","1.34 (1.00-1.79)","0.052"
"Cox_Death_Adjusted_MI","edu_cleanNone","1.90 (1.29-2.79)","0.001"
"Cox_Death_Adjusted_MI","edu_clean≤ 7 years","1.74 (1.35-2.24)","<0.001"
"Cox_Death_Adjusted_MI","hiv_aidsPositive","2.29 (2.04-2.57)","<0.001"
"Cox_Death_Adjusted_MI","diabetesYes","1.10 (0.88-1.37)","0.414"
"Cox_Death_Adjusted_MI","alcoholYes","1.35 (1.21-1.51)","<0.001"
"Cox_Death_Adjusted_MI","drug_useYes","0.98 (0.88-1.09)","0.697"
"Cox_Death_Adjusted_MI","incarceratedYes","0.45 (0.31-0.64)","<0.001"
"Cox_Death_Adjusted_MI","homelessnessYes","1.10 (0.97-1.25)","0.135"
"Cox_Death_Adjusted_MI","hosp_admissionYes","4.45 (3.97-4.99)","<0.001"
"Cox_Death_Adjusted_MI","clinical_cleanExtrapulmonary","0.72 (0.61-0.85)","<0.001"
"Cox_Death_Adjusted_MI","clinical_cleanPulmonary and Extrapulmonary or disseminated","0.96 (0.78-1.18)","0.688"
"Cox_Death_Adjusted_MI","dot_statusYes","0.95 (0.85-1.07)","0.422"
"Cox_Death_Adjusted_MI","tx_month_grp1 to <2 months","1.11 (0.93-1.32)","0.245"
"Cox_Death_Adjusted_MI","tx_month_grp2 to <4 months","0.92 (0.78-1.08)","0.305"
"Cox_Death_Adjusted_MI","tx_month_grp≥ 4 months","0.75 (0.63-0.88)","<0.001"
"FG_Retr_Adjusted_MI","age_group25-44","1.03 (0.98-1.08)","0.268"
"FG_Retr_Adjusted_MI","age_group45-64","0.87 (0.82-0.94)","<0.001"
"FG_Retr_Adjusted_MI","age_group≥65","0.59 (0.50-0.69)","<0.001"
"FG_Retr_Adjusted_MI","sexMale","0.98 (0.93-1.03)","0.390"
"FG_Retr_Adjusted_MI","race_cleanBlack or Mixed","1.02 (0.98-1.07)","0.311"
"FG_Retr_Adjusted_MI","race_cleanOther","0.77 (0.56-1.06)","0.111"
"FG_Retr_Adjusted_MI","edu_clean8 - 11 years","1.17 (1.02-1.33)","0.028"
"FG_Retr_Adjusted_MI","edu_cleanNone","1.14 (0.95-1.36)","0.160"
"FG_Retr_Adjusted_MI","edu_clean≤ 7 years","1.26 (1.11-1.44)","0.002"
"FG_Retr_Adjusted_MI","hiv_aidsPositive","1.37 (1.29-1.45)","<0.001"
"FG_Retr_Adjusted_MI","diabetesYes","0.98 (0.88-1.10)","0.718"
"FG_Retr_Adjusted_MI","alcoholYes","1.07 (1.02-1.12)","0.005"
"FG_Retr_Adjusted_MI","drug_useYes","1.18 (1.13-1.24)","<0.001"
"FG_Retr_Adjusted_MI","incarceratedYes","0.85 (0.78-0.93)","<0.001"
"FG_Retr_Adjusted_MI","homelessnessYes","0.87 (0.82-0.92)","<0.001"
"FG_Retr_Adjusted_MI","hosp_admissionYes","1.74 (1.66-1.82)","<0.001"
"FG_Retr_Adjusted_MI","clinical_cleanExtrapulmonary","0.60 (0.55-0.65)","<0.001"
"FG_Retr_Adjusted_MI","clinical_cleanPulmonary and Extrapulmonary or disseminated","0.78 (0.69-0.87)","<0.001"
"FG_Retr_Adjusted_MI","dot_statusYes","1.10 (1.04-1.15)","<0.001"
"FG_Retr_Adjusted_MI","tx_month_grp1 to <2 months","1.54 (1.41-1.69)","<0.001"
"FG_Retr_Adjusted_MI","tx_month_grp2 to <4 months","1.23 (1.13-1.34)","<0.001"
"FG_Retr_Adjusted_MI","tx_month_grp≥ 4 months","0.65 (0.59-0.70)","<0.001"
"Cox_Death_Adjusted_CC","age_group25-44","1.49 (1.21-1.84)","<0.001"
"Cox_Death_Adjusted_CC","age_group45-64","2.29 (1.81-2.88)","<0.001"
"Cox_Death_Adjusted_CC","age_group≥65","3.12 (2.13-4.57)","<0.001"
"Cox_Death_Adjusted_CC","sexMale","0.95 (0.82-1.11)","0.537"
"Cox_Death_Adjusted_CC","race_cleanBlack or Mixed","1.00 (0.88-1.15)","0.964"
"Cox_Death_Adjusted_CC","race_cleanOther","1.25 (0.62-2.52)","0.536"
"Cox_Death_Adjusted_CC","edu_clean8 - 11 years","1.65 (1.20-2.29)","0.002"
"Cox_Death_Adjusted_CC","edu_cleanNone","2.56 (1.62-4.06)","<0.001"
"Cox_Death_Adjusted_CC","edu_clean≤ 7 years","2.14 (1.55-2.94)","<0.001"
"Cox_Death_Adjusted_CC","hiv_aidsPositive","2.39 (2.06-2.78)","<0.001"
"Cox_Death_Adjusted_CC","diabetesYes","1.06 (0.79-1.42)","0.699"
"Cox_Death_Adjusted_CC","alcoholYes","1.38 (1.20-1.59)","<0.001"
"Cox_Death_Adjusted_CC","drug_useYes","0.90 (0.78-1.04)","0.160"
"Cox_Death_Adjusted_CC","incarceratedYes","0.58 (0.38-0.89)","0.012"
"Cox_Death_Adjusted_CC","homelessnessYes","1.26 (1.06-1.50)","0.008"
"Cox_Death_Adjusted_CC","hosp_admissionYes","5.03 (4.33-5.85)","<0.001"
"Cox_Death_Adjusted_CC","clinical_cleanExtrapulmonary","0.63 (0.50-0.79)","<0.001"
"Cox_Death_Adjusted_CC","clinical_cleanPulmonary and Extrapulmonary or disseminated","0.94 (0.72-1.24)","0.673"
"Cox_Death_Adjusted_CC","dot_statusYes","0.94 (0.81-1.08)","0.360"
"Cox_Death_Adjusted_CC","tx_month_grp1 to <2 months","1.16 (0.89-1.50)","0.279"
"Cox_Death_Adjusted_CC","tx_month_grp2 to <4 months","1.06 (0.83-1.36)","0.646"
"Cox_Death_Adjusted_CC","tx_month_grp≥ 4 months","0.80 (0.62-1.02)","0.076"
"FG_Retr_Adjusted_CC","age_group25-44","1.06 (0.99-1.14)","0.085"
"FG_Retr_Adjusted_CC","age_group45-64","0.92 (0.84-1.02)","0.104"
"FG_Retr_Adjusted_CC","age_group≥65","0.61 (0.48-0.77)","<0.001"
"FG_Retr_Adjusted_CC","sexMale","1.00 (0.93-1.07)","0.983"
"FG_Retr_Adjusted_CC","race_cleanBlack or Mixed","0.99 (0.94-1.05)","0.824"
"FG_Retr_Adjusted_CC","race_cleanOther","0.80 (0.57-1.13)","0.209"
"FG_Retr_Adjusted_CC","edu_clean8 - 11 years","1.27 (1.13-1.43)","<0.001"
"FG_Retr_Adjusted_CC","edu_cleanNone","1.20 (0.95-1.52)","0.131"
"FG_Retr_Adjusted_CC","edu_clean≤ 7 years","1.35 (1.20-1.52)","<0.001"
"FG_Retr_Adjusted_CC","hiv_aidsPositive","1.35 (1.25-1.47)","<0.001"
"FG_Retr_Adjusted_CC","diabetesYes","1.02 (0.88-1.18)","0.821"
"FG_Retr_Adjusted_CC","alcoholYes","0.98 (0.92-1.05)","0.548"
"FG_Retr_Adjusted_CC","drug_useYes","1.15 (1.08-1.23)","<0.001"
"FG_Retr_Adjusted_CC","incarceratedYes","0.86 (0.76-0.97)","0.012"
"FG_Retr_Adjusted_CC","homelessnessYes","1.00 (0.91-1.09)","0.940"
"FG_Retr_Adjusted_CC","hosp_admissionYes","1.88 (1.77-2.00)","<0.001"
"FG_Retr_Adjusted_CC","clinical_cleanExtrapulmonary","0.61 (0.54-0.68)","<0.001"
"FG_Retr_Adjusted_CC","clinical_cleanPulmonary and Extrapulmonary or disseminated","0.77 (0.65-0.91)","0.003"
"FG_Retr_Adjusted_CC","dot_statusYes","1.04 (0.97-1.11)","0.244"
"FG_Retr_Adjusted_CC","tx_month_grp1 to <2 months","1.26 (1.11-1.43)","<0.001"
"FG_Retr_Adjusted_CC","tx_month_grp2 to <4 months","1.04 (0.92-1.17)","0.540"
"FG_Retr_Adjusted_CC","tx_month_grp≥ 4 months","0.54 (0.48-0.61)","<0.001"
"Cox_Death_Unadjusted","age_group25-44","1.77 (1.52-2.05)","<0.001"
"Cox_Death_Unadjusted","age_group45-64","3.02 (2.57-3.54)","<0.001"
"Cox_Death_Unadjusted","age_group≥65","3.63 (2.83-4.65)","<0.001"
"Cox_Death_Unadjusted","sexMale","0.87 (0.78-0.97)","0.015"
"Cox_Death_Unadjusted","race_cleanBlack or Mixed","1.05 (0.95-1.16)","0.371"
"Cox_Death_Unadjusted","race_cleanOther","1.11 (0.65-1.90)","0.704"
"Cox_Death_Unadjusted","edu_clean8 - 11 years","1.33 (1.01-1.75)","0.041"
"Cox_Death_Unadjusted","edu_cleanNone","2.73 (1.86-4.01)","<0.001"
"Cox_Death_Unadjusted","edu_clean≤ 7 years","1.96 (1.54-2.48)","<0.001"
"Cox_Death_Unadjusted","hiv_aidsPositive","3.27 (2.94-3.63)","<0.001"
"Cox_Death_Unadjusted","diabetesYes","1.45 (1.17-1.80)","<0.001"
"Cox_Death_Unadjusted","alcoholYes","1.71 (1.55-1.88)","<0.001"
"Cox_Death_Unadjusted","drug_useYes","1.31 (1.18-1.44)","<0.001"
"Cox_Death_Unadjusted","incarceratedYes","0.24 (0.17-0.34)","<0.001"
"Cox_Death_Unadjusted","homelessnessYes","1.88 (1.67-2.12)","<0.001"
"Cox_Death_Unadjusted","hosp_admissionYes","5.97 (5.36-6.65)","<0.001"
"Cox_Death_Unadjusted","clinical_cleanExtrapulmonary","1.04 (0.88-1.22)","0.651"
"Cox_Death_Unadjusted","clinical_cleanPulmonary and Extrapulmonary or disseminated","2.17 (1.77-2.66)","<0.001"
"Cox_Death_Unadjusted","dot_statusYes","0.72 (0.65-0.80)","<0.001"
"Cox_Death_Unadjusted","tx_month_grp1 to <2 months","0.90 (0.75-1.07)","0.215"
"Cox_Death_Unadjusted","tx_month_grp2 to <4 months","0.62 (0.52-0.72)","<0.001"
"Cox_Death_Unadjusted","tx_month_grp≥ 4 months","0.42 (0.36-0.50)","<0.001"
"FG_Retr_Unadjusted","age_group25-44","1.14 (1.08-1.19)","<0.001"
"FG_Retr_Unadjusted","age_group45-64","1.02 (0.95-1.09)","0.614"
"FG_Retr_Unadjusted","age_group≥65","0.65 (0.56-0.76)","<0.001"
"FG_Retr_Unadjusted","sexMale","0.98 (0.93-1.03)","0.363"
"FG_Retr_Unadjusted","race_cleanBlack or Mixed","1.08 (1.03-1.13)","0.001"
"FG_Retr_Unadjusted","race_cleanOther","0.73 (0.54-0.99)","0.040"
"FG_Retr_Unadjusted","edu_clean8 - 11 years","1.23 (1.09-1.39)","0.002"
"FG_Retr_Unadjusted","edu_cleanNone","1.31 (1.10-1.55)","0.002"
"FG_Retr_Unadjusted","edu_clean≤ 7 years","1.39 (1.23-1.56)","<0.001"
"FG_Retr_Unadjusted","hiv_aidsPositive","1.61 (1.52-1.70)","<0.001"
"FG_Retr_Unadjusted","diabetesYes","0.93 (0.84-1.04)","0.213"
"FG_Retr_Unadjusted","alcoholYes","1.28 (1.23-1.34)","<0.001"
"FG_Retr_Unadjusted","drug_useYes","1.41 (1.35-1.47)","<0.001"
"FG_Retr_Unadjusted","incarceratedYes","0.80 (0.73-0.87)","<0.001"
"FG_Retr_Unadjusted","homelessnessYes","1.16 (1.09-1.23)","<0.001"
"FG_Retr_Unadjusted","hosp_admissionYes","1.87 (1.79-1.94)","<0.001"
"FG_Retr_Unadjusted","clinical_cleanExtrapulmonary","0.68 (0.63-0.73)","<0.001"
"FG_Retr_Unadjusted","clinical_cleanPulmonary and Extrapulmonary or disseminated","1.07 (0.95-1.21)","0.235"
"FG_Retr_Unadjusted","dot_statusYes","1.03 (0.98-1.08)","0.182"
"FG_Retr_Unadjusted","tx_month_grp1 to <2 months","1.49 (1.37-1.63)","<0.001"
"FG_Retr_Unadjusted","tx_month_grp2 to <4 months","1.16 (1.07-1.26)","<0.001"
"FG_Retr_Unadjusted","tx_month_grp≥ 4 months","0.59 (0.54-0.64)","<0.001"
